{
  "alias" : "maple-run",
  "name" : "maple-run",
  "annotation" : "",
  "keywords" : [ ],
  "description" : "",
  "inputs" : {
    "code" : {
      "title" : "maple code to run",
      "description" : "",
      "type" : "string",
      "format" : "uri",
      "viewType" : "input",
      "required" : false
    }
  },
  "outputs" : {
    "cout" : {
      "title" : "console output",
      "description" : "",
      "type" : "string",
      "format" : "uri",
      "required" : false
    }
  },
  "type" : "application",
  "config" : {
    "command" : "cmd.exe /c cmaple -q -i code.txt",
    "inputMappings" : [ {
      "param" : "code",
      "file" : "code.txt",
      "pattern" : ""
    } ],
    "outputMappings" : [ {
      "param" : "cout",
      "file" : "stdout",
      "pattern" : ""
    } ],
    "resourceRequirements" : {
      "nodes" : {
        "defaultValue" : 1,
        "allowOverride" : false
      },
      "coresPerNode" : {
        "defaultValue" : 1,
        "allowOverride" : false
      },
      "memoryPerCore" : {
        "defaultValue" : 1,
        "allowOverride" : false
      },
      "timeLimit" : {
        "defaultValue" : 1,
        "allowOverride" : false
      }
    }
  },
  "retryFailedTasks" : false,
  "files" : [ ],
  "version" : "1.0.0"
}