{
  "alias" : "maple-load",
  "name" : "maple-load",
  "annotation" : "",
  "keywords" : [ ],
  "description" : "",
  "inputs" : {
    "user" : {
      "title" : "user login",
      "description" : "",
      "type" : "string",
      "format" : "",
      "viewType" : "input",
      "required" : false
    }
  },
  "outputs" : {
    "code" : {
      "title" : "",
      "description" : "",
      "type" : "string",
      "format" : "uri",
      "required" : false
    }
  },
  "type" : "application",
  "config" : {
    "command" : "cmd.exe /c copy \"D:\\opsys\\${user}\\code.txt\" code.txt",
    "inputMappings" : [ ],
    "outputMappings" : [ {
      "param" : "code",
      "file" : "code.txt",
      "pattern" : ""
    } ],
    "resourceRequirements" : {
      "nodes" : {
        "defaultValue" : 1,
        "allowOverride" : false
      },
      "coresPerNode" : {
        "defaultValue" : 1,
        "allowOverride" : false
      },
      "memoryPerCore" : {
        "defaultValue" : 1,
        "allowOverride" : false
      },
      "timeLimit" : {
        "defaultValue" : 1,
        "allowOverride" : false
      }
    }
  },
  "retryFailedTasks" : false,
  "files" : [ ],
  "version" : "1.0.0"
}